Instructor	ID	Average Rating	Total number of rating	Key Phrases
Tim Flaherty	44203	3.7	63	formal math class<>huge class<>worst class I<>structured lectures<>professor Flaherty<>college math<>weird guy<>excessive amounts of time<>decent professor<>high school math<>proofs of theorems<>good professor<>interesting professor<>summer course<>course structure<>Best teacher<>Weird sense of humor<>Course content wasn<>clear explanations<>Studied topology<>Friday nights<>WebAssigns Friday mornings<>times confusing<>theory-heavy proofs<>things weren<>Crystal clear explanation of subject<>actual lecture material<>inconsistent teacher<>overcrowded OH<>cute dog<>lot of stuff<>funny guy<>optimal order<>standard calc<>monotonous voice<>great lecturer<>life passion<>HW difficulty<>humorous way<>okay job
David Kosbie	1179629	4.8	59	class time<>difficult class<>favorite class<>class interesting<>great class structure<>best class I<>fairly easy class<>Professor Kosbie<>great teacher<>difficult course i<>Favorite professor<>challenging course<>incredible professor<>phenomenal professor<>easy grading professor<>helpful professor imaginable<>inspirational lectures<>good sense of humor<>Fundamentals of Programming<>entire time<>good intentions<>David Kosbie<>lot of people<>character building<>greatest teacher<>double majoring<>having social anxiety<>better person<>hes awesome<>s super understanding<>Computer Science<>new view<>best professors<>flipped classroom<>kind of thing<>possible chance<>helpful feedback<>challenging homework<>entire education<>academic career<>productive stress
Greg Kesden	276590	3.0	49	hard class<>Class lectures<>class interesting<>Great class<>Awesome class<>class act<>t thorough<>good professor<>annoying professor I<>worst professor<>I don<>s late<>Lecture style<>hitting students<>graduate students<>I didn<>lecture material<>lecture slides<>s apt<>student couldn<>GPA student<>extremely hard labs<>good grade<>good instructor<>good exceptions<>excessive handholding<>using metaphors<>funny stories<>Chinese textbook<>group projects<>busy taking care of tons of workload<>fairly engaging stories<>stress level<>single instruction<>practice exams<>massive waste<>Unclear instructions<>grading scheme<>Puts effort<>large scale classes<>frivolous complaints<>office hours<>attention teaching style<>throwing things<>lot of learning<>faulty projector<>temperamental issues<>programming experience<>subject matter<>Great teacher<>little boy
Steven Klepper	955	3.99	45	CLASS I<>econ class<>hardest class<>Tough class<>Hard class<>easy class<>class discussions<>real class<>teacher I<>weeks of Klepper<>excellent teacher<>s tough<>best professors<>excellent brilliant teacher<>s pretty knowledgeable<>BEST lecturer<>best teachers<>I didn<>textbook homework<>including schedules<>AP credit<>smarter students<>extra variables<>new situations<>easiest classes<>freshman schedule<>engineering person<>variety of current issues<>final test<>AP Macro<>hardest exam ive<>hottest professors<>AP Micro<>interesting guy<>Business majors<>Biggest mistake
Helmut Vogel	68839	4.5	40	Professor Vogel<>Best physics professor<>great professor<>caring professor<>absolute favorite professor<>amazing class<>Vogel Math<>s class does<>class moves<>taking Physics<>class experiments<>week of class<>actual class<>physics-phobic student<>awesome teacher<>difficult concepts<>high school physics<>brilliant teacher<>office hours<>best teachers I<>s fantastic<>amazing teacher<>good teacher<>s friendly<>s super accessible<>wonderful personality<>best professors<>BEST guy<>fast pace<>i didn<>challenging material<>brilliant man<>ve hd<>personal level<>german grandpa<>Future Presidents
Russ Walker	67155	3.29	38	class average<>student outside of class<>nice guy<>smart smart guy<>time outside of class needs<>math problems<>Russ Walkers class<>Funny guy<>t finish problems<>s great<>good teacher<>guy - throws chocolate<>nice likable guy<>time teaching things<>lackluster teacher<>frequent simple math errors<>ways of teaching things<>pretty decent teacher<>lot of little errors<>engaging teacher<>sample problems<>worst teacher i<>lot of individual effort<>review sheets<>number of basic errors<>teaching sink<>year old boy<>review sessions<>practice test<>actual test<>nice professor<>clear voice<>office hours<>planet Earth<>walking embodiment<>choosing TA<>droning monotonous fashion<>Great job<>bit boring<>playboy magazine<>high school<>amazing character<>summarizing sheets<>important stuff<>Easy exams<>correct answers
Tom Sullivan	25619	3.9	37	hard exams<>hard class<>good professor<>Great professor<>weeder course<>s helpful<>good style<>Crystal clear lectures<>hard time<>cool guy<>s okay<>hardest course<>People fall asleep<>good job of teaching<>great practice<>lot of stuff<>t suit<>hottest professor<>t understimate HW2<>hes tough guy<>individual problems<>ECE major<>office hours<>smart students<>fact taht<>Long assignments<>Dislike new textbook<>Supplemental Instruction<>Physics II knowledge<>long midterms<>N16 semester<>electrical engineing<>conceptual level<>slippery slope<>complicated diagrams<>ur able<>kind of confusing<>best lecturer<>unpredictable amplitude<>average score
Victor Adamchik	56824	3.3	35	online class<>nice class<>hard class<>large class<>thick accent<>thick Russian accent<>Polish accent<>online lecture<>good lecturer<>good man<>good grade<>good questions<>good lectures<>s critical<>good teacher<>t care<>tough material<>homework assignments<>Posts lecture notes online<>Data structures<>big lecture hall<>poor ratings don<>quizzes tests<>providing videotaped lecture<>Great sense of humor<>homework problems<>perfect sense<>I didn<>Subject matter<>Adamchik teaching<>fluent English<>posting grades<>clearing concepts
Gregory Johnson	1342725	4.1	33	s nice<>s condescending<>cuz lectures<>s opportunity<>Greggo isn<>class tougher<>clear lectures<>class avg<>recitation worksheets<>extra credit problems<>nice teacher<>detailed examples<>Great professor<>fast-paced course<>applying material<>Gives extra-credit problems<>I don<>basic examples<>Gives extra credit<>hard teacher<>great feedback<>clear professor<>math professor<>good teacher<>tricky concepts<>excellent professor<>best professors I<>great supplement<>newer concepts<>communicating concepts<>human beings I<>past knowledgetheoremscreating proofs<>nice guy<>practice problems<>Multivariable calculus<>detailed comments<>lecture style<>office hours<>grading policies<>student feedback<>extensive exam reviews<>painful note<>Homework assignments<>good lecturer<>little intimidating<>bad lecturer<>high school<>ranking university<>bunch of paragraphs<>clearer teachers<>theory based
Paul Karol	94547	2.75	32	minutes of class<>easier class<>great teacher<>class BIG TIME<>great guy yo<>s confusing<>great setup<>great example<>pop quizzes<>nice guy<>honors chem<>lectures don<>lots of practice quizzes<>intro chem<>Random pop-quizzes<>good professor<>demotivating waste of time<>affable professor<>past tests<>bad professor<>Chem II<>best TA i<>favorite professor<>tons of practice exams<>misleading curve<>office hours<>greatest teacher<>dizzy blindfolded monkey<>clear teacher<>motivating teacher<>homework examples<>powerpoint presentations<>tuition money<>modern way<>expectations crystal<>periodic table<>text book<>Monotone voice<>SI sessions<>optional final<>nice man<>previous years
John MacKey	372432	4.8	32	Great professor<>Professor Mackey<>Brilliant Professor<>interesting class<>class interaction<>favorite class<>Fantastic class<>math major<>math department<>best professor I<>math professors<>s awesome<>great guy<>s pretty<>high energy<>Great lecturers<>s attractive<>great staff of TAs<>hilarious lecturer<>hard homework<>Mackey rocks<>lots of help<>aspect of teaching<>understandable way<>tons of energy<>High expectations<>course material<>magical power<>level of hard proofs<>brilliant proffessor<>solid foundation<>reasonable grading<>passionate teacher<>awesome teacher<>generous curves
Daniela Mihai	925645	3.2	30	practice exams<>class examples<>exams weren<>actual exams<>t effective<>s super nice<>couple weeks of class<>nice person<>nice teacher<>lot of practice problems<>lot of examples<>complicated way possible<>tons of supplementary materials<>multi-page hieroglyphic explanation<>fun course<>integrating random shapes<>Ppl don<>horror stories<>life saver<>previous calculus classes<>best Math<>math background<>favorite classes<>unclear notes<>saving grace<>teaching style<>simple formula
David Handron	25618	3.0	29	class don<>unit class<>Fun class<>Tests aren<>Pillars of Geometry Seminar class<>nice guy<>notes aren<>homework problems<>limited time<>real nice cute guy<>nice person<>great teacher<>homework questions<>Homework assignments<>lot of homework<>notes multiple times<>Nerd sense of humor<>Great professor<>great job<>Unclear lectures<>subject matter<>harsh grading<>terms of grading<>exams aren<>Solid teacher<>fair grader<>s great<>coherent lecturer<>best teacher<>Final grade cutoffs<>office hours<>unity course<>matrix algebra<>key concepts<>worst teaching methods<>Horrible lecturer<>good professor<>differential equations<>obvious reason<>unnecessary proofs<>lame way
Irina Gheorghiciuc	1082495	3.6	26	class time<>Hard class<>Class averages<>interesting class I<>difficult problems<>good professor<>good teacher<>hard time<>best teacher<>good grade<>tests pretty<>Nice Professor<>balancing lecture time<>interesting teacher<>pretty difficult teacher<>Interesting course<>s extremely<>Best math prof I<>trouble understanding students<>hard course<>Excellent professor<>course schedule<>thick Russian accent<>office hours<>Nice person<>nice lady<>pt bonus quiz<>Easy exams<>wave equation<>possible steps<>freshman year<>bit effort
Patrick Sileo	172578	2.64	25	class way<>head TAs<>Makes class interesting<>s fantastic<>head TA Ashish<>quan econ<>havean open book exam<>wonderful teacher<>right stuff<>earth personality<>particualr reason<>good sense of humor<>worst professor<>better job<>excellent examples
Lenny Vuocolo	925299	3.1	25	s nice<>extra credit opportunities<>sapling extra credit<>s hilarious<>office hours<>s mean<>chem major<>chem classes<>chem course<>s inability<>professor overall<>great professor<>s teaching strategy<>good professor<>s strongest attribute<>hard tests<>Chem II<>t age<>t care<>class exercises<>t escape<>Quirky talkaive professor<>year theres<>lot of opportunity<>lot of work<>year engineering major<>lot of people<>challenging final I<>weekly quiz<>tough teacher<>science classes<>course structure<>random questions<>night lol<>disrepectful person<>thorough explanations<>enthusiastic lecturer<>packet of notes<>review problems<>corresponding sampling problems<>type of chemistry genius<>high school<>nice guy<>kind of lacking<>structured recitation combination<>grades don<>Ace problem<>m happy<>Problem sets
Dale Winter	1183710	4.72	23	amazing professor<>fun professor<>great professor<>wonderful professor<>Amazing oustanding professor<>funniest professor<>RIP professor Winter<>people don<>Amazing courses<>amazing person<>Dale Winter<>Great teaching style<>minutes time<>best calculus teacher<>learning math concepts<>process of learning<>original exams<>makeup exams<>Awesome teaching style<>big guy<>minutes of problems<>huge beard<>best professors<>basic concepts<>s Qatar campus<>CMU Qatar Campus<>milky way<>beautiful writing<>different experience<>unrewarding experience<>director of Academic Resource Center<>Australian accent<>awesome teacher<>teaching talent rival<>Major props<>witty comments<>CMUQ community<>serious effort<>Neatest handwriting<>hard work<>coolest dude<>Math courses<>analytical parts of calculus<>Academic Counseling<>minimal creativity<>drawing skills<>hilarious character<>legendary lol<>Super sweet<>exam retakes<>required course
Ernest Schimmerling	255059	1.32	22	t difficult<>outside of class<>material b<>kind of calculus professor<>material isn<>Horrible professor<>worst prof<>placement test<>weirdest professor<>worst teacher<>exam feedback<>exam coverage<>calculus concepts<>final exams<>social skills<>boring man<>ridiculous questions<>single chapter<>complete jerk<>schimmerling doest<>office hour<>d die<>significant factor<>Set Theorty<>im lucky<>Carnegie Mellon<>curriculum coverage<>vague manner<>irrelevant tangents<>hw problems<>using transparencies<>grade weren
Scott Sandage	82362	4.0	21	best class<>great class<>awesome class<>FANTASTIC CLASS<>hard class<>best history professor I<>plain awful class<>higher quality class<>fun guy<>politics of American music<>political agenda<>smart guy<>best things<>s teaching<>Great Professor<>best professors I<>good music<>rich history<>Developement of American Culture<>Development of American culture<>Reading questions<>excellent professor<>biased view of history<>poor professor<>students of non-history backgrounds<>Amazing lecturer<>definite political slant<>s subtle<>amazing journey<>exam questions<>fantastic teaching style<>valuable course<>definite bias<>Roots of Rock<>Charismatic teaching style<>I haven<>good story<>individual student needs<>big waste of time<>dissenting opinions<>albiet stern<>false demogogical beliefs<>cultural context<>student input<>Skillful lecturer<>Brilliant lecturer<>enjoyable classes<>deepset morals<>office hours<>subject matter<>White Men<>lot of enthusiasm<>Freshman Seminars
Deborah Brandon	154821	3.76	21	calc class<>s class<>professor brandon<>BEST professor i<>easy class<>best calc professors I<>hard class<>challenging class<>Best calc teacher<>prof Brandon<>I didn<>Excellent professor<>realistic expectations of students<>s easy<>calc background<>enormous lecture<>wonderful person<>good teacher<>Encyclopedic coverage of topics<>calculus course<>cool person<>Calculus light<>great lengths<>math degree<>good intro<>couple years<>strongest subject<>great accomplishment<>Review sessions<>friendly person<>favorite professors<>Diff EQ<>LOT of quizzes<>office hours<>loving character<>humanities major
Paul Steif	365762	3.5	21	good professor<>good guy<>Powerpoint Lectures<>poor lectures<>good classes<>good teacher<>practice exams<>good job<>bad professor<>difficult class<>BUNCH of practice tests<>nice guy<>years worth of practice materials<>final exam<>concepts crystal<>underlying concepts<>entire grade<>poorly structured course<>lecture isn<>minor extra credit<>excellent opportunity<>subject extremely boring<>tricky question
Roger Rouse	892679	3.1	21	Class grade<>s lectures<>single class<>fun class<>fairly boring class<>small class size<>small discussion based class<>s smart<>eye opening class<>s mouth<>s waaay<>TA grades<>TA selection<>freshman lecture<>Professor Rouse<>writing essays<>social structure<>little discussion<>personal political bias<>final paper<>essay questions<>paper prompts<>Overall boring<>complete view<>working man<>claims of bias<>certain cultures<>emotional narratives<>balanced viewpoint<>dreamlike state<>correct answer<>biased argument<>acid trips<>opinion pure elitist ignorance<>lot of reading<>power works<>new perspective<>lucid dreams<>boot of industrialism<>Anti-capitalist movement<>great guy<>Capitalism Sucks<>teacher I<>complicated instructions<>current events
Tom Cortina	485205	4.7	21	great guy<>great lecturer<>programming homework<>funny guy<>Great lectures<>written homework<>difficult homework<>great presence<>good lecturer<>best Lecturer<>programming hw<>clear explanations<>subject of Computer Science<>good teacher<>complicated computer ideas<>Tough class<>entertaining lecturer<>best professors<>Stony Brook<>understandable pleasure<>hard work<>history of computing<>awesome teacher<>little thought<>professor overall<>interesting things<>Principles of Computation<>previous experience
William Hrusa	44201	5.0	20	Best Math Teacher I<>Best math prof<>great math teacher<>Prof Hrusa<>math finance<>best professor I<>Professor Hrusa<>engineering math<>Amazing teacher<>aiding students<>outside of class<>good teacher<>Phenomenal teacher<>best professors<>answering questions<>huge class<>delivering difficult material<>WONDERFUL PROFESSOR<>calculus enjoyable<>subtle humor<>o reservation<>academics outside<>understanding person<>extra help<>graduate school<>great lecturer<>perfect mathematician<>personable guy<>recent graduate<>excellent teaching ability<>entertaining lecturer
Kunal Ghosh	14690	3.55	19	introduction class<>summer class<>physics professor<>energetic professor I<>Nice guy<>lot of work<>interesting professor<>best teachers I<>funny guy<>undergrad physics advisor<>great guy<>worst professor<>t fall asleep<>background information<>s definetly<>meter stick<>s best assets<>hilarious examples<>bunch of derivations<>Kunal Ghosh<>personal level<>realistic expectations<>physical points<>d love<>excellent prof<>sense of humor<>method of teaching<>lab credit
Kenneth Kotovsky	401032	3.1	19	s class<>class intolerable<>class everytime<>Difficult class<>bad class<>worst class i<>t horrible<>t wonderful<>monotonous voice<>power points<>good guy<>Interesting fun<>best choice<>family dog<>monotonous manner<>monotonous fashion<>clear love<>memorization of material<>lecture courses I<>better TAs<>filler word<>guy ramblesa lot<>long reading assignments<>best classes<>AP Psych<>high school<>great teacher<>slide shows<>Fall asleep<>taking notes<>big deal<>hard grader<>lecture isn<>posted reviews<>lecturing style<>helpful information<>good lecturer<>random tangent
Stephen Garoff	468269	2.26	19	good class<>fairly difficult class<>Terrible class<>teaching physics<>good physics teacher<>Reaallly hard class<>physics foundation<>freshman physics<>good teacher<>actual physics knowledge<>good TA<>hes sort of difficult<>Overall material<>MPL explanations<>good physicist<>Professor Garoff<>power points<>using quizzes<>constant test<>actual exams<>Powerpoint slides<>high school<>online assignment<>Kind of awkward<>terms of communicating<>bad TA<>nice guy<>negative quality<>I didn<>bad rating<>Pop quizzes<>largest favor<>extra time<>office hours<>lot of effort<>examples of problems<>old exams
Gordon Weinberg	1333482	4.8	19	lecture notes<>Professor Weinberg<>typical AP stats curriculum<>helping students<>great professor<>providing students<>energetic professor<>stats classes<>straight-forward class<>Super easy class<>Lecture materials<>respectable professor<>straight-forward lectures<>s good<>Gordon Weinberg<>prior stats knowledge<>morning lectures<>series of clear<>fantastic lecturer<>free download of MINITAB<>nice guy<>enthusiastic lecturer<>Great guy<>string of numbers<>little puppy dog<>CMU Blackboard<>Amazing teacher<>important stuff<>best professors<>hyper person<>animated guy<>intuitive way
Oded Meyer	17542	4.61	18	Great class<>easiest math class<>practice exams<>Amazing teacher<>entire exam<>makeup test
William Brown	95848	4.47	18	great teacher<>great lecturer<>excellent teacher<>thorough notes<>EXCELLENT professor<>hard grader<>m serious<>lots of diagrams<>funny old professor<>good teacher<>new topic<>lots of structures<>review sessions<>class everyday<>Dr Brown
Richard Pattis	136897	3.14	18	difficult class<>class- difficult<>challenging class<>helpful outside of class<>introductary class<>office hours<>lot of hours<>solid foundation<>intro programmers<>home quizzes<>good teacher<>lecture notes<>solid understanding<>Java programmers<>rookie programmers<>nitpicky grader of quizzes<>good lecturer<>good guy<>required course<>helpful advisor<>assignments range<>Gives students<>us Pattis<>Teaching methods impossible<>positive thing<>Make use<>variant of C++<>CS courses<>programming skills<>alot of effort<>future classes<>sense of humor
Chante Cox-Boyd	344122	4.0	18	class super<>interesting class<>favorite class I<>TAs grade<>study of exam review sheets<>study guides<>Social Psychology class<>Best professor<>Checks attendance<>s straight<>lots of personal examples<>test easy<>quality bantz<>organization needs work<>real life examples<>assigned material<>Review sessions<>great professor<>Excellent professor<>good lecturer<>personal experiences<>review session day<>office hours<>little bit of homework<>understanding of material<>boarder of grades<>difficult prof<>lecture outlines<>tricky questions<>grading system<>poor organizations skills<>s awesome<>grading policies<>entertaining stories
Mary Lindmann	14689	2.75	16	intro world history class<>head of graduate studies<>literature based course<>graduate studies department<>REEAALLLYYY easy class<>world history blows<>Freshman intro<>lot of grief<>soft spot<>nice siesta<>transfer credit<>entire semester<>good lecturer<>graduate students<>unfocused curriculum<>s space<>Weakest Link<>time consuming<>cool TA<>wonderful teacher<>research methods
Milton Cofield	94548	4.03	16	engaging class<>class everyday<>easiest class<>easy course<>course numbers<>nonsense course<>Best teacher<>excellent business course<>common sense course<>great teacher<>bad jokes<>bad thing<>best classes available<>great guy<>best intro professors<>couple graded assignments<>I didn<>Nice guy<>Hes fine<>Carnegie Mellon University<>good start<>hot mess<>loves cole haans<>u guys<>funniest stories<>poor overall professor<>dont slack<>timely manner<>boring jokes<>Dont fall
Matthew P. Szudzik	127921	4.8	16	Professor Szudzik<>homework wasn<>clear explanations<>clear lectures<>course wasn<>great stories<>guys hes<>s teaching method<>great lecturer<>math fun<>final exam policy<>nice guy<>section of concepts<>overall course<>GRAD STUDENT<>amazing teacher<>review session<>office hours<>recitation section<>Principle of Transfinite Induction<>kinds of advanced mathematics<>BEST TA
Juan Jorge Sch√§ffer	13996	2.07	15	normal class<>Fun class<>s b<>s possible<>s hilarious<>college math professor<>good grade<>worst teacher I<>single large paper<>horrible teacher<>I don<>students aren<>bunch of grad students<>great breakfast<>awesomest man alive<>rigorous understanding<>parents money<>random garbled letters<>little work<>month of cool stories<>writing quality<>classic example<>albert einstein<>senior year
Jack Schaeffer	21628	4.33	15	best professor<>best teacher<>best calc professor I<>BEST teacer<>best way<>Professor Schaeffer<>homework material<>Great Professor<>class interaction<>Calc3D w<>lots of examples<>good way<>good reason<>hard subject<>thorough understanding<>Terrible grader<>old man<>Amazing teacher<>calculus teacher<>entire department<>theoretical knowledge<>standard answer
David Rakison	64829	4.63	15	child development class<>Fun class<>class material<>entertaining guy<>OK class<>cool guy-knowledgeable<>taking child psych<>funny lecturer<>awesome teacher<>good teacher<>aural chocolate<>added bonus<>s awesome<>hes talkin
John Tolle	94550	3.8	15	boring class<>toughest math class<>s great<>great guy<>entire class period<>nice guy<>little eccentric<>awesome guy<>cracks hilarious jokes<>rough drafts<>Great beard<>best prof<>long proofs<>lecture hall<>soooo helpful<>overrated professor<>FUN FACT<>worth staying<>r golden<>engineering major<>cold jokes<>occasional joke<>aDead concert<>pleasant person
Jonathan Wickert	201807	4.7	15	engineering humor<>attendance of lectures<>fundamentals of mechanical engineering<>design project<>great experience<>excellent intro class<>extra effort<>excellent professor<>Great teacher<>fun challenge<>incorporating different styles of teaching<>unethical opinions<>better teachers<>good sense of humor<>relavent items<>muted style<>Amazing professor<>gold star
William Blake	323927	2.3	15	class discussion<>Interesting class<>t grade fairly<>great teacher<>bald stuff<>s sad<>english language<>lot of stuff<>good teacher<>random stuff<>poor teacher of writing<>geniunely incompetent teacher<>Worst freshman English professor<>greatest poet<>fair grader<>different section<>i don<>late work<>boring loser<>waste of time<>big mouth<>complete retard<>total sense<>good student
Noel Walkington	256536	2.0	15	s hard<>s kind of corny<>s straight foward<>thoughtful Professor<>terrible professor<>midterm faculty review<>grad Math major RUN<>Tuesday night<>great overall<>good communicator<>hw problem<>office hour
Jacobo Carrasquel	192021	3.2	15	nice guy<>kind of guy<>Awesome guy<>accomodate students<>uninterested professors<>nice advisor<>s super<>good advisor<>course website<>Overall poor quality professor<>Excellent advisor<>answers questions<>rude way<>hour final<>worst circumstances
Chad Hermann	134474	4.39	14	Chad rocks<>dedicated teacher<>paid engineer<>Philly Eagles<>better writer<>Great guy<>transformations i<>high level of commitment<>better speaker<>great professor<>business major<>excellent professor<>communication classes
Jim Daniels	66836	3.4	14	s poetry<>reading poetry<>good guy<>good grades<>s brilliant<>actual workshops<>good written critiques of poems<>tradition of industrial Detroit<>actual craft of fiction<>Great class<>fantastic poet<>introductory courses<>professors I<>real job<>Lousy teacher<>great approach<>literary short stories<>office hour time<>main grading metric<>Pittsburgh readers<>solipsistic jerk<>major grade<>stale bread
Jack Beuth	127929	3.5	14	class interesting<>regard class attendence<>classic car anecdotes<>personal anecdotes<>quiz opportunities<>Pretty easy course overall<>t slack<>Interesting beer<>MechE concepts<>grading homeworks<>t fall asleep<>practical applications<>real life approach method<>boring teacher<>interesting lecturer<>car engine<>stupid things<>tricky aspects<>Fun mousetrap powered vehicle<>wrench design projects<>tough grader<>ll pass<>Fundamental aspects of solid<>unit conversions<>Tests straight<>good grasp of physics<>strain modulus<>funny guy<>I didn<>key learning<>bad professor
Bruce Armitage	412514	5.0	14	boring class<>Great teacher<>s incredible<>best professor I<>amazing teacher<>best profs I<>great energy<>great person<>Great prof<>s good-humored<>engaging professors I<>Chem student<>good teacher<>WORLD OF<>subject matter<>nice guy<>Monday morning<>easiest classes<>OFFICE HOURS<>Awesome professor<>pay attention<>organic chemistry<>department head
Randy Pausch	25700	4.5	13	Time Management lecture<>better lecture<>realms of VR<>Randy Pausch<>time management videos<>Best prof<>Excellent books<>RIP Randy<>Nice use of humor
Jim Roberts	194637	4.35	13	nice guy<>s class<>great teacher<>helpful teacher<>great computer scientist<>nicest professor I<>class interesting<>freshman year<>lot of work<>amazing teacher<>unrelated topics<>seeking lots of help<>little effort<>kind of thing<>BEST MOOSE<>good skill<>good time<>favorite people
Paul Salvador	328623	4.31	13	intro materials<>class fun<>good prof<>lazy friend<>s pretty fun<>overall I<>better job<>Defects of Materials<>interesting course<>good things<>CLASSS ACT<>takes work<>Hard Class<>Great professor
Danielle Wetzel	331166	3.23	13	bad class<>s class<>hard class<>bad teacher<>real nice teacher<>different teacher<>t hand<>mandatory individual meetings<>things difficult<>awesome professor<>awesome lady<>tough course<>great deal<>christmas party<>boring -<>best professor
John Hayes	17544	2.88	12	pointless material<>undergrad TAs<>boring lectures<>open book<>TAs grade<>kind of teacher<>helpful prof<>Santa Clause<>psych department<>s coattails<>Worst lecturer<>test questions
Hilary Masters	66841	4.04	12	s work<>s courses<>s fair<>professor of writing<>genuine criticism<>serious effort<>serious commitment<>Professor Masters<>writing ability<>standards of morality<>fantastic raconteur<>style of teaching<>good guys<>people shouldn<>archetypal sage American writer
Michael Rectenwald	258357	3.67	12	s class<>excellent class<>Argument class<>class discussions<>excellent -  fascinating readings<>Science Studies<>s interp<>sociology of science<>seminar classes<>grading papers<>difficult readings<>s horrible<>mediocre writing program<>kind of tortured genius<>interesting material<>Great course<>single paper I<>absolute waste<>sense of humor<>people don<>interesting person<>high school<>snide comments<>crude references<>Taught Mechanical<>left-wing hack<>Professor Rectenwald<>Defintiely worht
Mark Fichman	604411	2.87	12	organizational behavior<>pages worth of reading<>lots of reading<>I don<>course content<>hard questions<>tests aren<>memorizing pages<>Professor Fichman<>note of caution<>personal opinions<>difficult tests<>multiple choice<>single mistake<>fun class<>ll study<>great teacher<>subject material<>grain of salt<>bad guy<>giving feedback<>strong opinions<>common sense<>different professor<>specific answers
Aziz Lookman	649907	3.92	12	amazing class<>great guy<>Great professor<>best finance professor<>great guest speakers<>best elective class I<>horrible class structure<>s approachable<>best quantitative course<>Great prep<>amazing guest speakers<>best profs<>lots of contacts<>Amazing prof<>reasonable guy<>real world<>real-world problems<>horrible teacher<>fair professor<>excellent guest speakers<>lots of industry contacts<>weak quantitative skills<>finance classes combined<>approachable person<>knowledgeable professor<>big ideas<>Worst teacher<>high expectations<>project competition<>simple examples<>personal level<>Excel sessions<>consulting interviews<>grading system
Roy Briere	1224433	3.04	12	subject of physics<>physics background<>level class<>multiple physics classes<>difficult class<>physics of musical sound<>condescending people<>overload of resources<>low tolerance<>good TA<>good professor<>Makes occasional obnoxious comments<>teaching equation<>repeated setup of problem<>easiest thing<>pathetic teacher<>interesting man<>Briere isnt<>bad teacher<>Office hours
Naum Kats	17543	4.41	11	best professor<>Class trips<>pretty unique subjects<>favorite people<>lot of<>friendly professor<>amazing professor<>interesting classes<>favorite person<>writing assignments<>relative videos<>easiest prof<>broad topic range<>good guy<>minute work<>Awesome teacher<>Coolest Guy
Tim Hoffman	127911	4.18	11	java class<>Professor Hoffman<>cool guy<>pretty cool professor<>basic variations<>good guy<>outstanding professor<>lot of industry experience<>basic stuff<>great teaching professor<>funny guy<>decent professor overall<>Java code<>lot of interesting programs<>midterm somewhat<>little things<>learning technical skills<>lot of extra credit<>I don<>Final exam<>interesting stories<>computer science<>good analogies<>pay attention<>helpful w<>s hilarious<>notes online<>opposite opinion<>relevant examples<>details far<>hardest midterm<>great stories<>Effective Programming<>mandatory attendance<>CS background<>kinda humorous
Mark Mentzer	130948	4.45	11	Design Drawing<>helpful teacher<>inspiring teacher<>enthusiastic teacher I<>CMU Design department<>Great teacher<>better designer<>nice guy<>better person<>best mentors<>long time<>disorganized classes<>talented artist<>notch professor<>nicest prof<>perfect team<>passion shows
Laura Lee	140147	3.0	11	Laura Lee<>absolute professional<>selfish woman<>Great class<>quality of teaching<>slave driver<>career oriented women
Clayton Merrell	194689	3.73	11	painting assignments didnt<>good knowledge of painting<>immense skill<>expanding students<>hot teacher<>great honor<>fair grader<>hot hands<>lot of bad work<>knowledge of craftsmanship<>strong leadership<>litter tougher<>soothing voice<>talented artist<>s great<>greatest professors<>I wouldn<>extremely knowledgable<>themese of destruction<>awesome teacher<>personal schtick<>paintings of clouds
Gary Warnock	214069	3.32	11	uses class<>outside of class<>honors chem class<>standard chem class<>fun teacher<>great teacher<>interesting teacher<>best teacher<>great accent<>style of teaching<>zany explosive demos<>kind teaching<>self study<>advanced knowledge<>greatest teachers<>lot of learning<>office hours<>cool accent<>combination of explosions
Elaine King	246018	2.36	11	required class<>s extremely boring<>good class<>monotonous way<>repetitive commentary<>nice nap<>Elaine Baby<>mandatory visiting artist lectures<>gramatically-understandable sentences<>Contemporary issues forum<>innumerable slides<>classroom discussion<>zip disc<>attendance credit<>incoherent textbook
Robert Swendsen	400206	3.68	11	class grade<>outside of class<>t curve<>freshman physics<>book didn<>t score<>CMU physics<>final grade<>Great Professor<>good professor<>helpful outside<>physics major<>best professor<>worst professor I<>great teacher<>good teacher<>freshman year<>biggest piece of trash I<>incomprehensible powerpoint slides<>excellent teaching skils<>power point<>lecture helps<>grades improved<>frown face<>budding spark of<>ll bend
Edward Barr	649389	4.59	11	best class I<>Strategic Writing class<>class thinking I wouldn<>great professor<>great insight<>great pleasure<>Great fellow<>round great guy<>great job of giving students<>great job of getting students<>professional introductions<>best Professors I<>professional communication<>professional knowledge<>wrong understandings of professional writing<>core course<>Ed Barr<>Professor Barr<>real master<>Excellent course<>employing real-life examples<>simpler ways of effective communicating<>delicate sponsorship issue<>fascinating guy<>type writing assignments<>direct email<>way of teaching<>wrong concepts<>career aspirations<>stabbing SOB<>truely sensational
Alessandro Acquisti	802198	4.59	11	great professor<>Brilliant Professor<>great guy<>skilled professor<>Good professor<>best professor I<>Econ class<>concepts of Econ<>Econ course<>great person overall<>Great teaching style<>Gives tough tests<>s I<>high grades<>dry theoretical subject<>humble attitude<>aura of intelligence<>stellar teaching skills<>better person<>lots of readings
Klaus Sutner	13998	4.2	10	great attitude<>great things<>Extremely smart<>Great homework assignments<>straight man Danny Sleator<>extremely knowledgable<>Extrememly helpful<>comic relief<>interesting lecture style<>Extrememly smart<>Eats freshmen<>Arnold Schwarzenegger<>Super cool guy<>Fantastic class<>algebraic structures<>graduate school<>best professor<>influential prof<>s helpful<>martial arts master
Mary Weidner	25699	4.35	10	great teacher<>best drawing teacher<>class assignments<>Excellent drawing teacher<>Excellent teacher<>frequent assignments<>Homework assignments<>classroom assignments<>best professors<>great instruction<>drawing professors<>Mary cares<>Great experience<>drawing instruction<>outside HW<>best teachers<>individual growth<>excellent recommendations<>Gives great crits<>past years<>interested person<>art major<>comfort zone<>outside projects<>HW load<>ADV Painting Studios
Jane Bernstein	66844	3.5	10	writing prompts<>s amazing<>Unclear deadlines<>grading criteria<>awesome creative writing professor<>CMU course<>final paper duedate<>Choice of reading material<>relatable English faculty<>Star Wars<>BS professors<>wide margin<>office hours<>Excellent teacher<>daily readings<>half-hearted effort<>i didn<>blatant favoritism<>lot of sense<>academic caliber
Stephen Totter	104673	4.4	10	wonderful teacher<>amzing teacher<>excellent teacher<>good teacher<>best voice teacher<>audition tips<>vocal technique<>great guy
Gordon Rule	171587	4.85	10	clear professor<>amazing teacher<>s patient<>hardworking professor<>Wonderful Biochemistry professor<>thoughtful advice<>amazing research<>bunch of times
Chris Telmer	263397	2.1	10	difficult class<>s Financial Economics class<>class credit<>s fairly<>Pop quizzes<>Professor Telmer<>language of finance<>easy professor<>hard exams<>best courses<>post grades<>problem sets<>lot of work<>attendance purposes<>significant curve<>worded question
Rima Gandlin	274099	1.65	10	t stand<>t answer<>t care<>class fun<>freaking class<>word isnt<>TA isnt<>lot of points<>worst teacher<>ruined math<>test questions<>s saying<>rediculously inept<>small mistakes
Dee Briggs	740847	3.55	10	Dee hasn<>public Dee Briggs<>BEST PROFESSORS<>Carnegie Mellon School of Architecture<>design school<>t handle<>lot of time<>better architecture<>s bitter<>s understandable<>tough field<>Carnegie Mellon posseses<>incredible impact<>summer i<>great sense of humor<>nice person<>stressful environment<>new admissions process<>Exremely rash<>negative comments<>hard teacher<>AMAZING PERSON<>student populus
Jan Vairo	780833	4.5	10	best professor<>Italian class<>best class<>Professor Vairo<>person person<>fun class<>favorite professor<>italian II<>real college Professor<>worst teacher<>CMU hands
Betsy Lawrence	929981	4.6	10	Wonderful teacher<>Great teacher<>dedicated teacher<>Wonderful person<>fantastic teacher<>amazing teacher<>Great person<>great voice<>voice teachers<>great things<>beautiful person<>musical theater<>vocal chords<>ex-tention division
Agoston Pisztora	1685094	4.3	10	Professor Pisztora<>long homework<>handwritten lecture notes<>best professor<>better math professors<>Carnegie Mellon<>equivalent probability class<>great sense of humor<>nice teacher<>best people<>boring lecturer<>Matrix Theory<>good mathematician<>Illegible handwriting
George Klein	1452600	3.1	10	s friendly<>s enthusiastic<>class fun<>s saying<>personal level<>Kept class interesting<>Tests weren<>lecture aren<>practice exams<>cool accent<>office hours<>little quizzes<>sorta boring<>funny guy<>Amazing teacher
Nico Slate	1500311	4.7	10	Professor Slate<>awesome guy<>great guy<>Great professor<>nicest guy<>Easygoing guy<>best professor I<>history class<>World History<>Amazing professor<>Slate Wins<>Awesome teacher<>political assumptions<>ve disliked history<>grade school<>good grade<>best Mortal Kombat voice yell<>ll miss<>historical rhetoric<>role model of<>Civil Rights<>TA Kaaz<>Flawless Victory<>office hours<>infectious passion
Onur Kesten	1048276	3.9	10	best professor I<>great professor<>econ dept doesn<>standard econ stuff<>horrible preparation<>best professors I<>Excellent handouts<>Lecture notes<>awesome professor<>practice final solutions<>lowest common denominator<>lectures pretty boring<>reclarify confusing terms<>excellent teacher<>Unlike Carol Goldburg<>ridiculous grader<>hw assignments<>good lecturer<>s willing<>rote manner<>good heart<>Kesten rocks<>teaching award<>cool material
Eric Anderson	22849	3.06	9	semester of class<>average class<>s great<>s willing<>s okay<>feedback late<>communication skills<>great teacher<>hang of teaching<>project goals<>confusing way<>great guy<>technical skill<>office hours<>basic introduction
Terrance Hayes	66838	3.94	9	brilliant poet<>s brilliant<>great poet<>s insightful<>class discussions<>hot stuff<>Looks sharp
Steven Rudich	89475	3.61	9	awesome course<>fun guy<>amazing TAs<>best teacher<>good problems
Karen Stump	95858	3.78	9	Karen Stump<>s door<>good class<>grad students<>lab reports<>nice person<>Stump Rocks<>Karen plays favorites<>lot of work<>spurious results<>free candy<>good grade<>nicest people<>Family Guy<>barrels of snacks<>strong biases<>hard class<>amazing person<>chem jokes
Gerald Costanzo	163500	4.78	9	intro class<>best teachers<>liberal school<>levels of workshop
Sridhar Seetharaman	187915	4.44	9	good teacher<>MSE curriculum<>good job<>CMU MSE<>Great teacher<>MSE professor<>homework assignments<>Makes stuff<>number of Profs
Yueming Yu	271546	4.28	9	native language<>language class<>non native speakers<>language teacher<>culture class<>wannabe gangsta AZN frat boys<>personal level<>good teacher<>phony AZN free<>Great teacher<>Awesome professor<>negative comments<>strict attendence<>boredom level<>s progress<>kind CMU<>nice woman
Reinhardt Schumacher	361143	3.61	9	good teacher<>academic class<>exciting teacher<>lot of personality<>TA available<>genuine concern<>s Cat<>online notes<>ample time<>I don<>Rutheford scattering
Robert Page	434703	3.89	9	unethical teacher<>choral music<>demanding professor<>ethics of teching vocal music<>lots of sparkle<>vocal faculty<>tremendous influence<>bigger impact<>magnificent musician<>years of excellence<>barky exterior<>excellent conductor<>political issues<>psych major
David Kravitz	480162	4.5	9	David Kravitz<>Dave Kravitz<>great guy<>freaking man<>good professor<>lecture professor<>great sense of humor<>meteors falling<>facebook group<>strange emails
Jeffrey Carroll	481147	1.44	9	s class<>s nice<>lot of work<>Carroll class<>teaching doesn<>heart attack<>CS teachers<>somputer theory<>Java itsnelf<>course material<>disorganized professor<>Nice guy
Frederick Lanni	483963	3.61	9	good professor<>awful professor<>great professor<>entire class<>crazy tangents<>text book<>nice guy<>bio professors<>terrible communicator<>Honest grade
Lynne Pastor	636580	2.94	9	s asinine policy<>stupid grading policy<>s doesn<>opposite way<>ton of ambiguity speckled<>practical way<>lot of money<>nice lady<>latest financial news<>office hours<>acct background<>bad teacher<>accounting classes<>decent stories<>professor of principle<>good professor<>pretty nice person
Kai Gutschow	694128	3.22	9	great job<>great material<>great guy<>art-vs-kai attitude<>history course<>best profs<>cmu arch<>strong foundation<>Good course<>history classes<>hard worker<>committed pedagogue<>pretty pointless presence<>class professor<>energetic teacher
Steve Roehrig	822342	3.0	9	lecture slides<>bad professor<>Professor Roehrig<>constant typos<>programming language<>Best teacher<>s great<>Final exam<>assignment requirements<>Homework requirement<>bit of time<>slow response<>bad attitude<>I didn<>sort of helpful
David Boevers	827888	4.0	9	David Boevers<>wealth of professional knowledge<>great lecturer<>professional standards<>pre-professional training program<>wealth of knowledge<>t fair<>monotone inflection<>fair teacher<>real world<>follow manner<>critical feedback<>s college<>amazing teacher<>I wasn<>monotone voice<>vindictive end<>absolute favorite professors<>hearing distance
Ananda Gunawardena	1256781	2.94	9	class discussion<>class participation<>good class<>Professor Guna<>lectures useless<>absolute worst professor<>great teaching style<>explaining concepts<>Worst teacher<>clever way<>highest marks<>s course
Dave Feinberg	1269233	4.89	9	Professor Feinberg<>Fantastic professor<>knowledgeable teacher<>inspiring professor Dave<>HW assignments<>Coolest Professor<>AP Comp Sci teacher<>witty poem<>past experience<>pretty cool guy<>programming knowledge<>Snake game<>program games<>computer robots<>nerdy way<>lot of skills<>kind of guy<>better person<>laser tagging<>Square Root<>high school<>s awesome<>software industry
David Anderson	1549799	4.7	9	office hours<>outside time commitment<>lab reports<>Experimental physics<>inspiring British father<>Great professor<>Fine professor<>Lot of lectures<>s hilarious<>Ayyy cool teacher<>hour block<>good guy<>extra help<>EASY grading<>class period
John Minden	1682370	4.3	9	great class<>great lecturer<>S HONORS MODERN BIOLOGY<>REGULAR MODERN BIOLOGY<>Professor Minden<>easy class<>Kind of hard class<>good way<>amazing lectures<>awesome guy<>s rare<>Hard tests<>Mod Bio Honors section<>good notes<>enthusiastic engaging lecturer<>true bio lover<>good teacher overall<>AP Bio rehash<>nice guy<>material daily<>better scientist<>complex topics<>renewed passion<>fair professor<>set goal<>close attention
Lori Holt	64830	4.0	9	Interesting class<>outside of class<>excellent teacher-<>material isn<>slowest teacher i<>t need<>best prof I<>lot of reading<>attractiveness inside<>l notes<>answering questions<>fair grading system<>s horrible<>psych course
Mark Baskinger	481160	3.5	9	great teacher<>Mark likes<>great sense of humor<>great professor<>good balance of professional<>s awesome<>coolest teacher<>excellent source<>specific feedback<>cool sunglasses icon<>good design fun<>honest effort<>class chuckle<>skilled drawer<>crafted drawings
Peter Andrews	67134	3.94	8	Math Logic<>boring class<>mathematical logic<>class basic logic<>math department<>bunch of lowly<>year grad students<>material isn<>grad credit<>kind of dull<>good TA<>extra work<>kinda boring<>Prof Andrews<>s thorough<>random theorems<>best courses
Richard Statman	127926	2.88	8	homework material<>concepts of math<>previous quizzes<>Somewhat boring<>horrible lectures<>Useless lecture<>easy- grade
Robert F. Sekerka	127930	2.38	8	Disrespectful of students<>lot of time<>Useless class<>required course<>Harsh curve<>beauty of stat<>subject matter<>certain concepts<>droning derivations<>I didn<>good dude
Tom Ferguson	154814	3.38	8	challenging material<>fair tests - i<>Makes challenging problem sets<>structured style<>teaching style<>survey course<>lot of people<>excellent professor<>stupid mini quizes<>GenEd requirement<>different colleges<>I don
Sharon Carver	246464	4.0	8	class mind-bendingly monotonous<>Child Development - best class<>course framework<>big lecture course<>favorite professors<>teaching methods<>nicest professors<>assignment questions<>higher-level courses<>extra credit<>subject material<>classes general requirements<>fair grader<>huge effort
Rebecca May	393923	5.0	8	best class<>s classes<>favorite book<>amazing prof I<>great person<>Awesome course<>teaching shakespeare<>kinds of ass
Yoed Rabin	693859	2.75	8	class wasn<>making class<>feared MechE class<>t fun<>week guranteed<>strict professor<>Fantastic professor<>hard grader<>final year<>drill sergeant mentality<>toughest classes<>intimidating guy<>wrong profession<>additional help<>tough time<>Heat transfer<>Unfair grader<>grading rules<>homework didn<>mean guy<>means necessary<>various aspects<>conducive environment
Lisa Porter	767217	2.19	8	communicating content<>practice tests<>Real test<>identical topics<>good teacher<>Prof Porter<>lectures aren<>nice person<>intro class
Luis Von Ahn	849923	4.25	8	awesome class<>entertaining lecturer<>brilliant lecturer<>amazing class<>Luis challenges students<>awesome professor<>t care<>particular class<>Von Ahn<>Poor professor  teacher<>crush script<>marshmellow launcher<>majors straight<>clear explainations<>short time<>Brilliant guy<>CS wasn<>humorous material<>fun things
Ting Chang	964935	2.0	8	I didn<>worst teachers I<>Professor Chang<>th e middle<>interesting readings<>s nice<>class period<>Prof Chang<>lovely voice
Sara Majetich	1145079	2.38	8	track of attendance<>students names<>Prof demands<>Lecture material<>midterm exams<>Class overall<>homework problems<>middle school teacher<>monotone voice<>Tests questions<>reviewers note
Ricky Law	1836541	4.13	8	Good class<>intro global history class<>class ridiculous<>history fun<>Makes history<>Film Class b<>Super engaging lecturer<>c genocide isn<>Tricky Ricky Wai-Kei Law<>good TA<>lot of reading<>good grade<>great lecturer<>BAD RICKY<>Tom Cruise<>cup of tea
Silvia Borzutzky	773536	3.7	8	class discussions<>useless class<>lot of reading<>lots of reading<>phenomenal instructor - best I<>course material<>clean delivery of material<>good grade<>international policies<>opinions verbatim<>little boring<>good writer<>poor analysis<>incredible professor<>required core courses<>visible improvement<>great Professor<>subject area
James Cummings	630331	3.3	8	Professor Cummings<>Prof Cummings<>teaching of Commutative Algebra<>Math Studies<>abstract way possible<>Great professor<>Linear Algebra<>Discrete Mathematics<>best mathematics teacher<>math department<>teaching style<>true mathematician<>wonderful teacher<>single email<>recent graduate<>approachable teachers
Vicki Helgeson	82363	3.6	8	class concepts<>s flexibility<>Psychology of Gender course<>Social Psych  Easy class<>excellent examples<>student interaction<>best course<>personal experiences<>concrete office hours<>psychology major advisor<>lecture notes<>good anecdotes<>Great professor<>great discussions<>Psych of Gender<>safest space I<>awesome lecturer<>short answer questions<>added bonus
Andrew Norman	1496056	4.0	8	Awesome class<>interesting topics<>interesting debatesdiscussion<>aspect of grades<>discussion formats<>student discussion<>reading journal entry<>good professor<>argument outline sketch<>ton of work overall<>Nice guy<>best experiences of freshman year<>Terrible professor<>Great coverage of<>biggest fan<>Pay attention
Carol Goldburg	1476636	1.0	8	worst professor<>previous professor<>Horrible professor<>curved class<>helping students<>poor lectures<>docks points<>poorly run<>office hours<>harsh grader<>simple math<>Carnegie Mellon<>Carol Goldburg<>seminar courses<>Horrible overall
Alan Kennedy	14000	4.5	7	Professor Kennedy<>analysis of early<>incredible character<>s serious<>magnificent sense of humor<>good discussion<>reading material<>hard grader<>atheist views<>English department<>literary criticism<>perfect professor<>Michael Douglas
William Keech	17541	4.86	7	nice teacher<>great teacher<>Wonderful teacher<>good teacher<>swell guy<>class act<>attaining internships<>nice guy<>couple years<>ve gotta<>best professors I<>research positions<>Professor Keech
Kristin Hughes	68850	1.43	7	video project<>project deadline<>real design job<>meaningless feedback<>practical aspects of design<>university faculty<>university education<>real-world job<>Gives unconstructive criticism<>serious attitude problem<>entire class<>pointless projects<>hard time<>freshman yr<>meaning of projects<>video cams<>direct quote<>theoretical crap
Mehdi Asheghi	127561	1.93	7	old stuff<>new stuff<>Terrible lecture
Patricia Bellan-Gillen	161511	4.43	7	good crits<>good drawing professor<>good grade<>crits don<>Interesting way of teaching<>concept studio professor<>true passion<>self driven environment<>sweetest lady<>certain way<>sweet eyes<>best teacher
Katherine Lynch	182954	2.29	7	s hilarious<>Deadly boring<>beastly days<>subtle way<>academic bar<>higher intellect<>low rating<>diplomatic of social skills<>tough grader
Amy Burkert	187912	4.86	7	awesome teacher<>shes crazy<>great lecturer<>Random stuff<>Awesome prof<>Shes nice<>Great teacher
Michael McHenry	187913	2.86	7	difficult class<>good guy<>s fantastic outside of class<>good presenter<>good lecturer<>great guy<>PowerPoint slides<>cool person
Howard Choset	189827	2.36	7	t sweat<>s notes<>Fun class<>arrogant guy<>General Robotics class<>MechE dept<>mechE teacher<>u don<>I don<>better intro<>howie choset  sex god<>google search<>copies Wickert<>robotics department<>clear idea<>big deal<>robotics freak<>fun of students<>annoying person
Howard Seltman	343644	4.71	7	Great guy<>class happy<>helpful guy<>Nice guy<>Great teacher<>Great person<>s teaching<>phenomenal teacher<>office hours<>best way<>hard course
Jeffrey Peterson	401022	2.21	7	t return<>t care<>ends class<>cancels class<>phys shelf<>astrophysics device<>single worst physics professor<>pastes problem<>s unapproachable<>extra credit<>lot of complaints<>Presentation of materials<>Low stress<>Stars Galaxies<>Regular exams<>final exam<>South Pole<>good teacher
Paul Eiss	559490	4.5	7	interesting professor<>Great professor<>assertive lecturer<>history department<>good class<>Anthro courses
C Fredrick Higgs	601746	3.36	7	teaching graduate classes<>graduate work<>subject matter<>Great professor<>football players<>detailed lecture
James Russ	608847	2.14	7	Professor Russ<>class exam average<>exam grades<>class examples<>average exam scores<>professor errors<>real experiments<>crappy experiments<>worst physics professor<>t terribly helpful<>Class material wasn<>lower average grades<>hard homework<>s lectures<>sample exams<>learning new material<>James Russ<>RIDICULOUS tests<>teacher I<>Homework Problems<>lack of proofreading<>Lectures aren<>certain examples<>course center<>percent area<>test review<>Useless lecture<>questions wrong<>slightest clue<>big deal
Artur Dubrawski	649388	4.36	7	s class<>fun class<>Best class<>great teacher<>great personality<>practical business experience<>time consuming<>Artur Dubrawski<>tough teacher<>acute knowledge<>hardest course<>Excellent course<>bunch of little jokes<>lot of fun<>good job<>terms of promoting learning<>Fun stories<>Heinz college
David Cerniglia	728764	4.36	7	Awesome class<>Great Class<>fair grader<>Great teacher<>Interesting course<>easiest Interp section<>good grade<>solid teacher<>cool style<>interesting discussions
Melissa Ragona	918390	4.71	7	Melissa Rocks<>awesome energy<>lecture classes<>student participation<>Excellent organization<>I don<>Best teacher
Robert Reid	933354	4.43	7	s OK - Book<>Mousetrap car project<>relevant thing<>auto-inflating balloons<>great guy<>actual objectives
Charles Ettensohn	1078846	3.86	7	writing copious notes<>excellent teacher<>helpful teacher<>perfect teacher<>great notes<>professors I<>t mandatory<>lectures aren<>Quizzes aren<>test help<>lectures helpful<>multiple choice questions<>PowerPoint slides<>big picture
Daniel Brasier	1872389	4.8	7	Course lectures<>academic papers<>final paper<>great professor<>favorite course<>excellent professor<>fun final exam<>accessible lecturer<>group class work<>time reading<>interesting guest speakers<>student learning<>entertaining analogies<>bio professors<>best way<>Posts presentations<>lot of fun activities<>attendance quizzes<>great teacher<>Wonderful teacher<>extra mile
Kris Dahl	1691447	4.2	7	worst professor I<>good professor<>basic Chemical Engineering<>Awesome teacher
Rebecca Nugent	1478443	4.7	7	statistical concepts<>Hot professor  lectures<>s awesome<>s super smart<>best professor<>coolest professor<>s fairly nice<>t post lecture notes<>fast pace<>concepts of basic graph theory<>months worth of material<>guest lectures<>exceptional teaching prowess<>lot of professors<>Great prof<>ton of materials<>Freshman Seminar
Newell Washburn	942690	4.2	7	great guy<>great TA<>problem sets<>easiest class<>good person<>quirky guy<>s pretty<>good professor<>Great teacher overall<>tad absent minded<>nice butt lol<>short time<>right person<>superfluous material<>Honors Chemistry course<>Make flash cards<>terms of understanding
Nicholas Gentry	1601174	4.57	7	Fair grader<>easy grader<>reasonable grader<>interesting class discussions<>great collection of readings<>helpful professor<>multiple perspectives<>engaging professor<>meaningless ideas<>Great choice of topic<>lot of professors<>bland subject<>Awesome class<>daily life<>insightful things<>practical concepts<>chill guy
Charles Newman	13268	3.17	6	Creepiest person
Peter Berget	67136	4.5	6	great professor<>great person<>great teacher<>bio majors<>good read<>good way<>corny jokes<>favorite classes<>helpful professor<>lots of material<>bit of work
Rob Rutenbar	67143	4.67	6	great lecturer<>good lecturer<>great lectures<>good prof<>Awesome Professor<>best CMU<>ECE profs<>lot of work
Rami Grossberg	67153	3.08	6	interesting stories<>interesting applications<>Higher level classes<>great prof<>earlier comment<>Professor Grossberg<>Concepts of Math
Allen Robinson	115940	4.58	6	s eccentric<>s great fun<>youthful presentation<>better teachers<>da pants<>Thermo wasn<>best professor<>Great guy<>chalky robinson
Kevin Stolarick	129578	3.0	6	t ace<>worst professor<>lack of knowledge<>solving statistics problems<>non-code days<>lack of caring<>couple trick questions<>Prof S<>nice guy<>difficult stuff<>basic things<>old adage<>applied sense<>Material isn
Annabelle Joseph	154825	3.0	6	great teacher<>vague feedback<>grading scheme<>lot of knowledge<>frustrating teacher<>true joy
Patricia Carpenter	154841	3.25	6	class - Lots of work<>boring class - Good professor<>interesting cog-psych class<>loads of work<>t hand<>non-technical classes<>Interesting concepts<>helpful professor<>engineering student
Roberto Weber	216061	3.83	6	easy class<>class discussion<>research projects outside of class<>fantasy football<>nice guy
Susan Finger	244117	5.0	6	great class projects<>great advisor<>Fantastic teacher<>engaging teacher<>s performance<>interesting homework<>professor I<>Keeps late hours<>rapid proto
Lowell Taylor	250170	4.67	6	arrogant jerk<>intro class<>PhD Microeconomics<>best profs I<>intermediate class<>Smartest member<>Clinton administration<>Makes econ fun<>wicked smart<>microeconomic theory<>Awesome Professor<>Great examples<>brilliant success
Mario Castagnaro	401049	5.0	6	mandatory class<>bad class<>easy class<>s class right<>BEST INTERP TEACHER<>Brilliant teacher<>best english teacher I<>Best professor<>Awesome teacher<>Blade Runner<>daily work<>interp tons of fun<>best teachers<>lot of movies<>brainstorming ideas<>Fair grader<>good discussion
Susan Graul	554344	3.58	6	lab reports<>lab II class<>report-writing instructions<>things understandable<>Shes easy<>hard grader<>good grade
Claudia Kirkpatrick	574335	4.67	6	s awesome<>s particular needs<>Great class<>Great teacher<>Great person<>Manditory attendance<>perfect resume<>comfortable atmosphere<>wonderful professor
Burak Ozdoganlar	693845	2.83	6	easy class<>controls class<>irresponsible person
David Burns	740188	3.08	6	year professor<>opinion alwaysw<>s difficult<>positions of authority<>utter lack of creativity<>semester student<>type of person
Thomas Werner	777061	3.5	6	understanding of linguistics<>good reason<>little bit boring<>Nature of Language<>linguistics experience<>Phonology class<>good teacher<>late work<>non office hours<>answer questions<>relaxed professor<>Difficult class
Lucio Soibelman	804278	2.92	6	grad students<>line of work<>excellent insight<>favor of teaching<>computer-oriented course<>successful businessman<>jus piggy backs<>Amazing person<>engineering issues
Cian McMahon	881038	4.67	6	Opens class<>class weekly<>class discussion<>excellent - great personality<>interesting lectures<>Awesome personality<>Irish history<>good use of media<>Irish accent<>super nice person<>amazing professor<>extra mile<>SMART profesor<>good slideshow<>unfair grader<>favorite subject<>fun roll
Michael Bockstaller	962491	4.33	6	awesome Austrian accent<>Arnold Schwarzenegger
Ryan O'Donnell	1017088	4.5	6	Excellent lecturer<>fantastic lecturer<>clear professor - excellent blog posts<>office hours<>right questions<>good course<>Amazing lecturer
Kristina Woods	1257452	2.42	6	t professor<>s notes<>follows prof<>Terrible teacher<>absurd grading system<>simple derivations
David Yaron	1493459	3.17	6	Professor Yaron<>good TA<>great job<>Great class<>best job<>fairly straightforward class content-wise<>awful teacher<>homework assignments<>good chemistry background<>basic concepts<>bit dry<>subject matter<>new concept
Laurie Eisenberg	1646596	4.67	6	Professor Eisenberg<>wonderful professor<>great professor<>inflammatory topic<>class work<>tough grader<>Arab-Israeli conflict<>percise feedback<>interesting discussions<>Demands high quality assignments<>wealth of knowledge<>great teacher<>I don<>I didn<>lot of work<>balanced views<>Middle East
Nicole Hassoun	1703419	3.33	6	research class<>hrs class<>worst class<>Great class<>Binghamton - Class<>challenging class<>t care<>page essay<>page papers<>single week<>different projects<>Professor Hassoun<>philosophy paper<>bit boring<>Nice Professor<>different political issues<>public school<>s fair<>final project<>Prof Hassoun<>reading material<>intro level things<>realm of ethics<>group assignment<>times unnecessary<>student time<>free access<>phil course<>I wouldn
Bill Nace	1748198	2.17	6	homework assignments<>research university<>Friendly professor<>lot of potential<>hard time<>definition of inconsistency
Adam Blank	1764735	4.33	6	Super super super helpful<>lot of time<>lot of extra office hours<>s enthusiasm<>CS curriculum<>s passionate<>class enjoyable<>caring teacher I<>cs theory<>lectures entertaining<>difficult material
David O'Hallaron	14001	3.3	6	Nice guy<>nice person<>Boring lectures
Scott McElfresh	781806	1.75	6	Nice guy<>classes hos exams<>tests weren<>worst teachers I<>terrible teacher<>CS concepts
Michael Hendrich	608994	3.5	6	math class<>class I<>class average<>awesome teacher<>hard material<>athletic Conan O<>favorite teacher<>t care<>extremely passionate teacher<>hard professor<>Kind of ridiculous material<>s dreamy<>genuine passion<>entire colleg experience<>office hours<>Old Soul<>concept guy<>things reaaaallllyy<>exam time
David Tungate	1385787	4.3	6	great stories<>huge curve<>Bus Law - great prof<>law class<>Great teacher<>interesting stories<>funny stories<>big curve<>Great professor<>Pretty interesting guy<>Pay attention
Guy Blelloch	67132	4.1	6	overall Guy<>good teacher<>best professors<>best CS professors<>dedicated teacher<>high level of rigor<>challenging course<>easy course
Chris Labash	1536089	2.8	6	better communicator<>better listener<>s industry expertise<>better leader<>class interesting<>bad experience<>communications course<>Great teacher
Loh Po-Shen	1760272	5.0	6	Amazing professor<>good job of teaching<>amazing lectures<>amazing guide<>Perfect teaching skills<>Great Professor<>open discussion<>putnam SEMINAR<>unit mini-course
Charlee Brodsky	22848	3.8	5	class excitement level didn<>great teacher<>new ideas<>insightful person
Davin Lafon	44204	4.4	5	computer based<>office hours<>drops alot<>answering emails<>helpful professor<>basic stuff<>LOGIC everone<>I don<>logical dude
J. Devine	66856	4.3	5	freshman seminar topic
Jimmy Zhu	68840	3.3	5	great course<>weeder course<>i couldn<>worst professor<>particular problem<>real ultimate proffessor<>pep talks<>Best Professor
Christina Fong	132901	3.6	5	good class<>good teacher<>good case<>assigned reading
Don Marinelli	214600	4.1	5	best profs<>great stories<>teaching style
Jason Morgan	256032	5.0	5	great class<>main portion<>lot of information<>interesting information<>class pretty<>great teacher<>page essays
Stanley Zin	261934	4.7	5	clear teacher<>great job<>bright guy
Marc De Graef	266254	4.1	5	cool experiments<>Intro class fun<>easiest grader<>grade curve<>cool teacher<>Mechanical engineer
Larry Pileggi	351764	4.2	5	great mind<>great teaching style<>awesome ECE professor
Jeremy Avigad	411116	4.4	5	s cool<>type of professor
Mike Bridges	470862	4.6	5	Great class<>Huge lecture hall<>Boring book<>ll ace<>good guy<>study guide
Sophie Queniet	487544	4.8	5	French of course<>lovely French accent<>best french prof<>expression of students<>fun professor<>verrry nice<>interesting readings<>Encouraged discussion<>Great professor
Clover Bachman	515473	1.8	5	great teacher<>tough grader<>easy time
Michael Witmore	535860	4.2	5	theory fascinating<>professor I<>Makes complicated
Clark Glymour	537986	3.4	5	pinkie finger<>dumb people<>old guy<>Arrogant bumbling simpleton
Theresa Tardio	559493	4.9	5	research paper<>class fun<>fun class<>Professor Tardio<>level of Spanish<>big projects
Tianxue Yao	579384	3.4	5	English class<>Great teacher<>Pay attention<>looking woman<>strict attendence<>material isnt<>dept wont
Kristen Kurland	596365	4.8	5	knowledgeable person<>public policy major<>Best course
David Frame	603012	3.2	5	Terrible lecturer<>Terrible teacher<>incomprehensible babble<>intellectual stimulation<>demand curve<>sooo eeeasy<>good professor
Sharon Dilworth	672524	2.9	5	better creative writer<>favorite CMU English Professors<>excellent professor<>sense of humor<>lot of time<>discussion of screenwriting craft<>Relevant films<>chase attitude<>wonderful person<>outgoing personality
Douglas Cooper	687140	4.6	5	drawing classes<>s school of architecture<>s work<>s super critical of drawings<>tremendous improvement<>best professor<>great drawing teacher<>lot of stories<>Studio deadlines<>Carnegie Mellon<>Doug Cooper<>interesting professors<>good drawer
Irving Oppenheim	768356	4.0	5	helpful professor<>weird professor<>Slow talker<>worst professor I<>boring class<>Class average<>slowest talker<>extra work<>s awesome<>fair assignments<>good way<>great teacher
Arthur Lubetz	775883	3.7	5	personal opinions<>Da Art<>point of stifling personal growth<>stimulating readings<>Da Bomb<>likes art<>best teacher<>Long Live
John Soluri	789267	4.0	5	Professor Soluri<>good professor<>great guy<>John Soluri<>cool professor<>introductory class interesting<>best prof I<>pretty monotonous voice
Martin Lindner	822344	3.6	5	heart of network security<>class entertaining<>outside of class<>Internet Security<>critique security policies<>valuable insight<>useless class<>s decades of experience<>s essential<>s best interests<>world experiences<>best classes I<>professors I<>real world business environments<>t afraid<>worst profs I<>common knowledge<>lecture content<>national level cyber incidents<>quality learning experience<>attitude adjustment<>interactive delivery style<>inner nerd<>Info Sec<>text book
Mark Stehlik	932980	4.8	5	great lecturer<>great advisor<>best people<>great advice outside of class<>amazing professor<>Best mentor<>final review day<>CS Undergrad Program<>Extremely kind<>teaching style<>Amazing guy<>good person<>slower pace
Spike Wolff	956219	2.1	5	lot of work<>worst professor<>best work<>t helpful<>student-professor dynamic<>wide range of topics<>critiques aren<>school of architecture<>earth professors
Andrew Johnson	1016880	3.0	5	s tough<>s taste<>s crazy<>easy class<>main topic<>different way<>self discoveries<>lesson plan<>great teacher<>random projects<>traditional classes
David Haeselin	1056106	3.3	5	interesting subject matter<>good teacher<>good grade<>class interesting<>digital rights<>English requirement painless<>nice guy<>toughest class<>helpful teacher
R.F. Culbertson	1092004	3.4	5	Incredible professor<>Great guy<>s course<>best course<>taking follow<>making friends<>CMU thanks<>outside of classrooms<>following year<>important skills<>unrelated things<>entrepreneurship class<>attempt win favor<>meaningful lesson
Burcu Akinci	1109044	4.3	5	awesome professor<>smart professor<>Superb person
Marlene Behrmann	1145072	4.9	5	s knowledgeable<>s freshman seminar class<>personal experiences<>HSS students<>lots of sharing<>Great professor<>power points<>academic field<>psych isn<>Prof Behrmann
Robert Heard	1344306	4.0	5	low workload<>great lab teacher<>Great professor<>boring lecturer<>best professors I<>heightened sense of self<>soooooooooooooooooooooooooooooooooooooooooooooooooooo nice<>lab group<>Interesting presentations<>generous grader<>Easy class
Joachim Groeger	1592072	3.9	5	hard professor<>Professor Greoger<>nice professor<>field of economics<>hard course<>context of academia<>lectures aren<>t mandatory<>Super helpful office hours<>cool guy<>Random pop quizzes<>frank perspective<>1h20mins lectures<>future of science
Alison Barth	1715041	2.1	5	t Pass<>t bs<>I don<>practice exams<>practice tests<>Skip Class<>intelligent professor<>harsh grader<>discomfiting teaching style<>Unclear standards<>Confusing lectures<>personal offence<>pejorative comments
Tae Wan Kim	1812543	4.5	5	best business ethics professor<>Class material isn<>amazing professor<>office hours<>spring break<>enjoyable course<>s fault<>interesting sense of humour<>great job
Diane Shaw	687136	4.9	5	architectural history<>Professor Shaw<>funny way<>astounding professor<>architectural education<>architecture class<>Carnegie Mellon<>favorite processor<>college experience<>Diane Shaw<>kind of fun
Kent Suhrbier	568059	3.2	5	helping students<>t care<>utter incompetence<>hiring faculty<>great professor<>great feedback<>administrative favor<>Best studio instructor<>depth crit<>Prime example<>dismissive attitude<>strong resources<>design process
Phil Leduc	860483	3.2	5	class fun<>Easy class<>advanced mechanics class<>teaching material<>guest lecturers<>guest lectures<>non-existent final<>ECE b<>mousetrap car<>pretty cool guy<>human tibia<>homework assignments<>level PRIOR<>fun team project<>confusing teaching<>Rating system<>different programs
Benjamin  Reilly	1993058	4.8	5	s fine<>weird sense of humour<>Extra hotness points<>best professor<>Super cool<>funny man
Joshua Ballew	2057809	2.3	5	important class<>good professor<>easy homework<>homework assignment<>Ballew isn<>good mathematician<>best prof<>best lecturer<>sharp contrast<>recitation activities<>problem sets<>past years<>real analysis<>material difficulty
Marilyn Taft Thomas	257648	3.9	5	new haircut<>lot of highlighters<>october comment<>great teacher
Janusz Szczypula	999299	4.9	5	good teacher
Anil Ada	1981067	4.4	5	s class<>Ada isn<>Great teacher<>Great lecturer<>terrible teacher<>office hours<>boring lectures<>Amazing professor<>cooler guy<>good lecturer
Jamie Smith	1859165	4.9	5	good day<>Harry Potter class<>writing essays<>good friends<>passable essay<>Great teacher overall<>lot of fun<>favorite classes
Stephen Schultz	68847	4.88	4	Beatles class<>amazing class I<>Pay attention
Karen Moyer	130923	3.25	4	s class<>heirarchy project sophomore year<>s great<>s underappreciated<>t use type<>end of senior year<>passionate professor
Barbara Burstin	158531	2.5	4	lecture class<>discussion class<>subjective grading<>lack of professionalism<>student learning<>interesting course<>low grades<>standard of teaching<>Hopeless egomaniac
Steven Schlossman	250400	4.88	4	values content<>concepts of writing<>good teacher<>great teacher<>teaching style
David Owen	393733	4.25	4	Nice guy<>class average<>lot of proofs<>s notorious<>office hours<>great teacher<>Exams questions<>time period
Lynne Reder	465891	1.38	4	specific things<>grading scheme<>nice person<>overall incompetent<>assignment expectations<>worst professors<>complete mystery
Kiron Skinner	477617	4.63	4	class couldn<>s lectures<>best professors<>real homework<>current applications<>s extremely approachable<>extra credit assignments<>Fantastic teacher<>lot of content<>carnegie mellon<>good luck<>Discussions of readings<>political science<>attendance doesn<>nice person
Limor Golan	497489	2.75	4	complex subject<>good teacher<>Easy course
Warren Garrison	500593	3.88	4	random stories<>old exams<>Great class
Susan Polansky	520781	4.88	4	great professor<>loving professor
Erik Thiessen	553587	4.75	4	lot of great advice<>Great professor<>clear understanding<>favorite professors<>soooooooo helpful<>psych department
Nick Yeung	570822	4.88	4	old rocks<>Psychology department<>Cognitive Psychology<>British accent<>Awesome teacher<>lot of Banana Republic clothes<>s hsrd<>right places<>rising star<>slide shows<>HUGE crush<>professor rocks<>near future
Yuji Ijiri	574332	2.13	4	middle of class<>Matrix movies
David Shumway	643586	2.5	4	approachable professor
Lowry Burgess	677316	4.0	4	rated Lowry<>looooooooooooooove lowry burgess
Allyson Creasman	771639	4.25	4	Amazing teacher<>amazing professor<>class interesting<>good teacher<>final exam
Stephen Brookes	776856	3.75	4	drab material - lecture slides<>past midterms<>Enjoyable course<>loud music<>Impossible midterm<>Challenging midterm<>bad professor<>necessary topics<>good job of presenting<>Good class
Maryon Oliver	789074	2.75	4	best professor I<>s hands<>class room door<>good grade<>Prof Oliver
Don Wadsworth	809771	4.75	4	man sooo<>s amazing
Barbara MacKenzie-Wood	813456	5.0	4	invaluable class I<>finest acting teachers<>fine wine<>s worth<>s hard<>School of Drama
Weining Kang	838166	2.38	4	nice guy<>D haha<>good professor
Robert Strauss	857123	2.88	4	real world<>class applicable<>real-world scenarios<>Great professor of Econ<>Public Policy<>Horrible teacher<>Poor professor<>neat stories
Mara Harrell	937207	3.5	4	nice lady<>Hard grader<>previous nights reading<>class goes<>fun person
Thomas Keating	1080215	4.0	4	CS majors<>CS department<>CS major dreads<>entire class rambling<>random things unrelated<>amazing teacher<>boring thing<>Horrible teacher<>Technical Communications<>total boss<>unreasonable amounts of work<>Tech Comm<>tough grader<>good feedback
Tim Vidas	1348020	4.5	4	depth knowledge<>technical things<>topic of forensics<>difficult coursework<>area of expertise<>high expectations<>previous classes<>day job<>information security domains<>good thing
Curtis Meyer	1355146	4.38	4	Excellent teacher<>good teacher<>awesome teacher<>fair tests<>great teacher<>interactive lectures<>course work<>excellent fashion sense
Lisa Tetrault	1380230	5.0	4	lovessss class participation<>s great<>s interesting<>kind of hard<>t extremely<>letter grade<>Wonderful professor<>I wasn
Maria Ferreyra	1408251	2.5	4	significant emphasis<>office hours<>anonymous note card questions<>Strong emphasis<>extra help<>s extremely difficult<>helping students<>economic vocabulary<>Horrendous lecture organization<>partial credit<>Solid teacher<>exam review sessions<>grade level<>t representative<>extreme ideas
Maumita Mandal	1476761	2.63	4	canceled class<>harder class w<>necessary outside of class<>bigger picture ideas<>Terrible teaching ability<>exam day<>Used incorrect equations<>asking questions
Stefan Bernhard	1497896	3.13	4	t help<>terrible time<>bit of structure<>open book exams<>dry sense of humor<>grading scheme<>Attending lecture doesn<>good class<>large curve<>Office hours<>alright professor<>thick accent
Mark MacBeth	1665144	3.38	4	great teacher<>Professor MacBeth<>average stuff<>brick wall<>graduate school<>biopsych majors<>horrible person
Nick Williams	1714258	5.0	4	great lectures<>Great lecturer<>office hours<>Great professor<>interesting guy<>cool guy<>good psych background<>strong Psych background<>intriguing course<>taking notes<>fair examinations<>awesome course
Boris Bukh	1804409	2.88	4	bonus problems<>smart mathematician<>interesting proof<>subject matter<>sooooo smart<>endearing way<>linear algebra<>good lecturer<>stereotypical traits<>intellectual arrogance
Randall Bryant	655882	3.6	4	office hours<>course material<>stuff old man
Conrad Zapanta	1555562	4.9	4	Great Teacher<>Great mentor<>great professor<>Penn State fan<>Best BME teacher
Phil Campbell	2035033	4.0	4	class isn<>Tough class<>playing field<>past exams<>prior knowledge<>favorite professors<>entire university<>curves grades<>best effort<>amazing lecturer<>great stories
Kristina Straub	408463	3.5	4	specific style<>backhanded comments<>personal voice
Richard Scheines	22847	4.0	3	nice guy<>interesting course materials<>youare ass<>plesent time
Eric Fisher	64753	3.0	3	harvard gsd
Alan Frieze	67140	4.0	3	good class<>challenging class<>exciting class<>class bearable<>nice guy<>Great teacher<>proper math backgrounds<>great prep<>homework isn<>decent jokes
Bernd Bruegge	67152	3.33	3	Nice guy<>limited grades
Scott Matthews	68752	5.0	3	learning fun<>Great prof<>real case studies<>difficult class
Lily Hou	164966	1.83	3	Tough teacher
Liza Wellman	214670	4.0	3	
Doug Wholey	241927	2.17	3	end of time<>health care policy research<>individual tutoring
Elisabeth Watkins	246469	4.83	3	clear syllabus<>clear goals<>History of Childhood<>writing skills<>genetics class<>Mrs Watkins<>great lecturer
Richard Holman	346610	3.17	3	physics classes<>awesome guy<>tad difficult
Srila Nayak	373133	1.0	3	Americans English<>strict grader<>course description<>fun class<>good teacher
Kenya Dworkin Y Mendez	390892	4.33	3	s real chill<>interesting class<>lot of essays
Michael Widom	481415	2.0	3	difficulty implicit<>wet paper bag<>reasonable problem<>Worst professor<>poor reviews<>clear lectures
Bob Kraut	518927	2.67	3	
Avrim blum	575292	4.33	3	good teacher<>good lecturer
Luca Deseri	618728	3.67	3	clear explanations<>exam material
Thomas Bondra	619935	3.17	3	
Shelley Anna	621497	4.17	3	Fluid Mechanics<>office hours
Andreea Ritivoi	643587	5.0	3	genuine concern<>Fair grader<>Wonderful professor<>certain grade<>class w<>best quality
David Lassman	650331	4.83	3	Class discussion<>discussion based class<>s cases<>Favorite class<>s leadership style<>case discussion-based<>Best professor<>great experience<>wide scope of management<>providing valuable insight<>Bill Cowher-suprise speaker<>m fortunate<>Professor Lassman<>extensive experience<>great time<>lot of fun
Bonnie Youngs	673211	4.67	3	significant portion<>favorite class<>good teacher<>bad books<>awesome professor<>fun way
Susie Silver	680313	3.0	3	weakest link<>hard work<>finding artists<>wealth of information<>damn lot<>great professor<>outside of class<>certain students
Tim Dawson	681384	4.17	3	constructive feedback<>eclectic style<>great job of analyzing opinionated pieces of writing<>English teacher<>interesting questions<>huge assignments<>little misleading<>better paper
Gruzska Jamie	684945	4.67	3	wonderful class wonderful experience<>intro B<>open eyes<>photo lab<>Super awesome
Erik Ydstie	694954	4.33	3	tough class<>funny guy<>middle of lecture<>good thing<>class interesting<>great accent
Anupam Gupta	776862	3.67	3	lecture slides<>Professor Gupta<>evil CS classes<>s pretty straightforward<>incredible teacher<>nice LaTeX notes<>magic tricks<>challenging professor<>discrete math
Daniel Sleator	776875	2.33	3	entire class<>class overall<>utter failure<>minor mistake<>Splay Trees<>communicating ideas<>CS concepts<>sea of hand-waving proofs<>Office hours<>effective lecturer<>undergrad level
Bill Scherlis	776882	4.17	3	s big<>best class<>great teacher<>daily basis<>hash tables<>good real-life experiences<>clear communication<>software engineering<>decent prof
Stephannie Bartos	779438	2.17	3	s dime<>REAL job<>s bitter Seniors<>pro bono<>bad rating<>cool work
Stephanie Batiste	797541	3.67	3	s classes<>classes I<>t skate<>kind of hard<>lots of reading<>inevitable frustration
Adrian Perrig	802197	4.83	3	great class<>difficult class<>fun class<>great professor<>best security course<>best professsor
Jay Ball	827614	2.67	3	
Mark DeSantis	860295	4.83	3	
Scott Summit	930821	4.67	3	UR SCH00LZ<>TEACHN UR KIDZ
Maria Kurnikova	973369	2.0	3	major syntax errors<>Posts homework
Jon Klancher	981121	2.5	3	
David Touretzky	986531	2.5	3	s assignments<>t bad<>s teaching<>basic concepts<>programming experience<>earlier examples<>practice problems<>lectures aren<>computer science<>rigid constraints<>largest difficulty
Pantelis Vlachos	1048277	4.83	3	organized teacher
Felipe Gomez	1096038	3.33	3	online work<>class interesting<>good reason<>Plays favorites<>Practice everyday<>best results
James Wynn	1113501	5.0	3	helpful way<>Professor Wynn<>detailed feedback<>amaznig looks<>funny guy<>Fantastic course<>rough personal things<>Rhetoric of Science<>better writers
Carey Morewedge	1126638	4.83	3	realm of Social Psychology<>low key teaching approach<>Kept class interesting<>Decision Sciences<>Awesome sense of humor<>Brilliant teacher
Sakir Yucel	1169038	4.33	3	class couldn<>class interesting<>time job<>homework assignments<>caring teacher<>real office hours<>s crazy<>helpful guy
Dave Eckhardt	1173440	2.5	3	
Kurt Sampsel	1210195	4.83	3	pop culture<>s approachable<>s fair<>lot of reading assignments<>fair grader<>great teacher
Rosalind Chow	1214224	3.17	3	common sense<>participation grade<>group members
James Schneider	1228235	4.83	3	class material<>boring topic I<>chemE class<>interesting teacher<>Great teacher<>end of lecture I<>material balances<>TA office hours<>s boring<>teaching style
Jared Day	1228236	2.83	3	great sense of humor<>harsh grader<>Terrible teacher<>Professor Day<>competent instructor<>ton of reading<>choice don
Kristopher Rush	1348026	1.67	3	new teacher
L Schmidt	1371363	4.17	3	great thing
Gautam Iyer	1386152	4.5	3	I don<>spectral theorem<>unit class<>Hardest professor<>s awesome<>linear algebra
Gang Liu	1496046	5.0	3	
De Boer Maarten	1498017	3.33	3	nicest professor<>semester professor<>good study guide<>MechE Thermo<>certain words blank<>difficult Exam
Christopher Wike	1539667	4.83	3	favorite class<>s class<>helpful teacher<>past semester
Candace Skibba	1549823	4.33	3	normal person<>Awesome teacher<>delightful person
Charlene Castellano	1557731	5.0	3	Wonderful professor<>Wonderful teacher<>best professors I<>good sense of humor<>heavy reading load
David Reitter	1570214	3.67	3	Good class<>Great professor<>German accent<>s hot-love<>Poor speaker<>Terrible Professor
Hyong Kim	1620406	2.0	3	t care<>Heavy load<>world expert
Stephen Neeley	1634743	5.0	3	engaging class<>useful classes<>incredible teacher<>beneficial class I<>day life<>huge impact<>Music Department<>Stephen Neely<>amazing person
Rachel Mennies	1757351	5.0	3	Great professor<>Awesome professor<>good things<>detailed feedback<>rough drafts<>quick revision<>Great class
Gizelle Sherwood	1775644	5.0	3	lot of respect<>amazing teacher<>following day
Seyoung Kim	1888188	1.0	3	Professor Kim<>terrible professor<>careless mistakes<>Piazza posts<>little guidance<>ambiguous explanations<>Lecture slides<>confusing notations<>Final project<>Homework assignments
Xizhen Cai	1957485	4.17	3	AP class<>easy class<>AP Stats<>office hours<>bonus credit<>lot of opportunities<>Professor Cai<>thorough teacher<>intro level course<>high school
Jiacheng Liu	1958807	3.67	3	class discussions<>course overall<>graduate course<>hard ass<>classic feminist chinese teacher<>little dullunenjoyable<>tax returns<>enjoyable manner<>gate of heavenly peace
Rob Simmons	2009580	4.33	3	Professor Simmons<>Great professor<>absolute favorite professor I<>thoughtful people<>Written homework<>Carnegie Mellon
Albert Han	2055014	5.0	3	Professor Han<>t help<>real life meme<>student meme shows effort<>extra credit<>Ba-Dum Ba-DUM DUM<>great depth<>fresh spin<>world of memes
Donald Sutton	910334	3.3	3	teaching style<>required effort<>self-aware professor
Weicheng Ye	2154112	3.3	3	real problems<>knowledgeable professor<>solid math background<>tough grading<>course materials<>understanding of  theorems<>applied maths
Michael West	1826274	3.7	3	CMU standard class<>high school standard class<>understanding professor<>Professor West<>French culture<>forced obligation<>coolest professors<>waste of time
Gloria Silva	2207786	4.0	3	amazing professor<>amazing lady<>hardest subjects<>lecture notes online<>good experience<>s lectures<>Organic Chemistry
Janusz Ginster	2219752	4.0	3	outside of class<>fun class<>tests aren<>professor Ginster<>definition heavy<>Fair grader<>lot of proofs
Steve Stadelmeier	1764024	2.5	3	design students<>relaxed nature<>anarchical attitude<>Great class
Christopher Sleet	1843941	3.33	3	office hours<>Lectures unrelated<>British accent
Todd Mowry	47773	2.25	2	
Janie McCafferty	66843	5.0	2	informed planet<>wonderful professor<>creative writing professors<>beautiful person
Michael Trick	147951	3.0	2	
Bruce Maggs	199316	4.0	2	
Ramayaa Krishnan	208751	2.0	2	combining material<>timely news articles
Chris Atkeson	216438	5.0	2	great class
James Ferla	248696	5.0	2	excellent guitar instructor
Frank Pfenning	299472	4.25	2	good teacher
Robert Harper	299473	3.5	2	PhD student Dan Licata<>engaging professors I
Jeanne Baxtresser	330382	5.0	2	
Krzysztof Matyjaszewski	333827	4.25	2	
Elizabeth Jones	336944	3.0	2	VERRYY HARD grading<>shes REAAALLLLYYY<>person didn<>partial credit
Andrus Jennifer	339226	1.5	2	I didn<>pretty boring teacher
John Eperjesi	351063	5.0	2	Yo shiznitz
Michael Domach	401317	3.75	2	open book<>open notes exams<>laptop exams<>practice exams<>book examples<>great professor<>real-world applications<>iffy text book<>bad writing<>Spring Intro<>Chem Engineering
Wendy Goldman	421030	5.0	2	interesting reading<>Gives interesting lectures<>class fun<>Great teacher<>written work
Raj Rajkumar	429785	2.5	2	false grade expectations<>big picture<>teaching craps<>turday quizes<>Work load<>ing horrible
Pamela Jennings	519198	1.0	2	
Alisha Bhagat	530578	3.75	2	green streaks<>s smart<>ball of purple
Sue-Mei Wu	579385	4.25	2	Chinese II<>good pace
Stuart Staley	593918	2.75	2	practice tests<>reallly nice<>caring professor<>exact problems
Sheldon Goettel	594094	4.5	2	offering insight<>personal stances<>good studio professor<>great job<>extra work<>point of view
Edmund M. Clarke	637997	1.75	2	frequent referral<>new material<>old stuff<>class timeslot covering old material<>outside sources<>Extremely absent-minded<>student ideas<>Lecture slides<>new stuff<>little time<>group meetings<>basic concepts<>advanced classes
Tim Shimeall	650338	5.0	2	great professor<>Great teacher<>great stories<>Makes class enjoyable<>Fantastic insight<>computer security<>Professor Shimeall<>interesting classes<>t teaching
Claudia Benack	661335	3.5	2	best choice<>best private instructor<>lovely woman<>MT teachers
Golan Levin	667234	4.75	2	seats total available<>great taste<>advanced studio<>awesome teacher
Jim Duesing	676884	4.5	2	history class<>structured class<>wild animation<>lot of work outside of class<>fo Director<>great sense of humor<>media clips<>computer art
David Pellow	678095	3.25	2	good jazz director
Daniel Markowicz	703924	1.0	2	Professor Markowicz<>perfect case study<>worst teachers
Maddox Richard	705076	3.25	2	good review
Jeff Hinkelman	706930	5.0	2	
Gretchen Van Hoesen	750428	5.0	2	theory teacher<>best harp<>Unbelievable teacher
Mel Stephens	759610	2.75	2	
Robert Bingham	792587	2.8	2	personal stories<>interesting guy<>main topic<>Mixed Media teacher<>Great stories
Anna Fisher	804498	2.75	2	rude person<>nice person
Smith Jad	830194	5.0	2	i didn<>funny guy
Manfred Paulini	838961	4.25	2	Great job interjecting humor<>good job<>middle of fairly complex physics<>s attention<>great lecturer<>office hours
Alan McGaughey	879565	4.75	2	best professors
Robert Siegler	886366	3.5	2	us students<>Professor Siegler<>s Educational Research class<>fascinating topic<>retaining information<>real turn<>interesting lecturer<>great discussion facilitator
Eric Keylor	900197	3.0	2	
Yumiko Kono	918157	4.5	2	s mad
David Danks	937206	4.0	2	Awesome lecturer<>Grades papers
Robin Reames	958882	3.0	2	super hot lady<>definately recommed
Spenser Martin	958970	3.25	2	finance program<>Great Teacher
Muzaffer Akat	960072	3.75	2	s gonna<>s bad<>greek letters<>calc based physics<>linear algebra
David Hackney	978521	3.0	2	office hours<>broad questions
Dmitry Kramkov	989158	2.75	2	Brilliant professor<>rigorous instruction
David Laughlin	1009455	5.0	2	great teacher
Alessandro Rinaldo	1023503	3.5	2	
Kim Beck	1037850	3.0	2	alot of time<>alot of fun<>real structure
Linda Flower	1042714	3.25	2	Great class
Timothy Haggerty	1048732	4.25	2	teaching technique<>interesting professor
Barbara Johnstone	1094929	3.25	2	lots of reading<>wonderful teacher
Ayanah Moor	1112049	4.25	2	s teaching methods<>occasional snark<>enthusiastic professor
Philip Quinque	1138598	3.5	2	kind of annoying<>random quizzes<>timely fashion<>LOT of material
Hilary Franklin	1145075	4.5	2	easy interp class<>interp classes<>favorite professors<>good grade<>participation points
Kenji Shimada	1152196	4.5	2	intermediate level of coding<>Great class
George Vosburgh	1154481	4.25	2	Trumpet Professor
Jeremy Smith	1167425	3.0	2	Notable subject area expertise<>industry insight
Laura Dabbish	1285269	2.5	2	best class<>class interesting<>s teaching<>face value<>Human Factors<>Fantastic instructor
Bruno Sinopoli	1289023	4.5	2	extra hours<>extra office time<>Professor Sinopoli<>great professor<>s dedicated<>s receptive<>negative feedback<>controls class WHUTTTT
Brian Quinn	1332135	4.0	2	Physics II<>eccentric guy<>overall awesome professor<>physics course<>challenging homework problems<>teaching core concepts
William Marcellino	1332172	3.0	2	Mr Marcellino<>s career history irrelevant<>serious attitude problem<>year marine<>previous comment
Subha Das	1393588	3.75	2	organic chemistry<>Pretty boring<>office hours<>simple way
Rob Fallon	1395922	4.0	2	teaching students<>life skills<>office hours<>page paper assignment<>Fantastic teacher<>answering emails
Charles Rosenblum	1405435	3.25	2	s difficult<>incorrect pronunciation of words<>professor of art history<>great dude<>Hates chewing gum
R Ravi	1413938	4.5	2	good Indian professor<>Excellent professor
Gregg Franklin	1434954	5.0	2	real physics class<>practical physics<>SS kids<>Future Presidents<>interesting class<>easy B<>Awesome professor<>cool guy<>great lengths
Kari Lundgren	1440270	4.5	2	interesting readings<>interesting topics<>lot of different<>good teacher
Afeworki Paulos	1482358	3.0	2	s insights<>course description<>current events<>case studies<>tons of background information<>understanding politics<>student didn<>conflict resolution<>IR theories<>significant value<>terrible lecturer
Joy Siu	1504458	5.0	2	s funny
Russell Golman	1520133	3.25	2	class day<>class enjoyable<>book teaching<>format of collecting questions students<>Awkward teaching style<>unusual grading<>coldstone ice cream<>department of social<>decision sciences<>young professor<>Freshman seminar<>assigned readings<>game theory
Edda Fields-Black	1557734	3.75	2	Essay prompts<>tons of passive-aggressive race-card venting<>wonderful teacher<>west coast<>African History<>Tons of readings
Gregory Parry	1565875	5.0	2	nice guy
Markus Deserno	1639406	5.0	2	terms of teaching abilities<>concepts multiple ways<>Future Presidents<>homework sets<>Excellent professor<>best professors
Shoba Subramanian	1682372	4.75	2	previous tests<>general education requirement<>great teacher<>breaking things
George Loewenstein	1685098	4.0	2	s class<>fairly engaging lecturer<>pretty engaging professor<>case studies<>uncomfortable extent
Brandy Aven	1686985	3.5	2	Final exam<>final grade<>entire exam<>grade individual<>midterm grade<>Organizational Behavior<>huge group project<>day of class
Mark Wessel	1688399	3.0	2	excellent job<>best professors<>office hours<>brown nose<>complex concepts<>terrible professor
Gabrielle (abby) Flynt Fijas	1732653	4.75	2	great teacher<>class rocks<>s fantastic<>students don
Andrea Jones-Rooy	1735556	5.0	2	s sexy<>best teachers<>extra credit opportunities<>s extremely<>great way
Steven Broomell	1750915	3.0	2	
Sham Kekre	1768716	3.5	2	easy grading
Giovanni Leoni	1772896	5.0	2	honors level math class<>biweekly homework<>lot new information<>great time<>true meaning<>deep thinking<>high standard
Kevin Noonan	1775632	4.75	2	Office hours<>s funny<>students success<>good professor
Kenneth Keeling	1775638	5.0	2	Easy class<>great experience<>adorable old man
Anthony Stanton	1815720	4.25	2	course material<>final exam<>graphic media management<>general education requirement<>term project<>good class
Geoff McGovern	1853234	4.0	2	great feedback<>great professor<>s extremely<>fantastic professor<>reading load<>lot of work<>subject matter
Mame Niang	1854560	4.75	2	French class<>favorite classes<>english isn<>Incredible professor<>extra credit
Ian Tice	1857802	5.0	2	s answer<>lot of effort<>s brilliant<>lot of work<>crafts assignments<>thorough lecture notes<>homework assignments<>interesting tangents<>teaching vector analysis<>challenging students
Rakesh Thapar	1891445	1.25	2	regular project management class<>worst professors<>Rakesh Thapar<>attendance isn
Lauren Shapiro	1894338	5.0	2	easy class<>Great class
James Thompson	1915692	1.0	2	awful teacher Ive<>heartless man<>grading expactations<>ridiculous grader<>redeeming qualities
M. Yenmez	1969152	2.75	2	t helpful<>micro material isn<>Prof Yenmez<>decent professor<>Quizzes everyday<>teaching style<>office hours
Peter Ali	1986067	4.5	2	content I<>d model<>Course content<>class structure
Karam Kang	2021309	4.0	2	Holds office hours<>Problem sets<>weekly online quizzes<>best use
Hael Collins	2047961	4.75	2	nice professor<>Professor Collins<>helpful professor<>mandatory book quizzes<>amazing teacher<>Great personality
Emily Ferris	2053222	5.0	2	current PhD student<>class deals<>extra time<>Easy class<>enjoyable personality<>nice lady<>year writing teacher<>strong grasp
Oliver Hahl	2075571	5.0	2	group ideas<>Professor Hahl<>group project<>case briefings<>great professor<>different way<>grading criteria<>s willing
Andrew Gordon	2096652	5.0	2	Kindest professor I<>best English professor<>minimal work<>great teacher<>relevant lectures<>considerate of students
Ajit Sharma	2130835	4.3	2	Attendance mandatory<>helpful professor
Kelvin Gregory	1930727	4.3	2	challenging subject fun<>Great professor<>Required course<>Fluid Mechanics<>exam questions
Alex London	1275462	4.0	2	
David Krackhardt	1648232	4.8	2	entire class<>amazing professor<>Structure of class<>position of managers<>AMAZING lecturer<>Professor Krackhardt<>interesting topic<>best instructor<>teaching methods<>critical decisions
Neil Donahue	765082	4.5	2	quantum mechanics<>Neil Donahue<>Hippie teacher<>fair grader<>little natural intuition<>challenging subject
Kathy Newman	1362950	5.0	2	lot of opportunity<>Discussion based<>cool person<>fun teacher
Karen Berntsen	2029174	1.5	2	minor details<>lot of time<>super head<>big picture<>entire thing<>shade of purple<>consistent explanation<>caring person<>bleeding heart<>giving feedback
Carrie Doonan	1872390	3.0	2	s class<>s amazing<>good grade<>lot of work<>coherent reason<>Bio Lab<>favorite section
Iliano Cervesato	2220054	2.0	2	lecture notes<>worst professors<>nice guy
Jay Roszman	2139004	5.0	2	British History course<>best History professor I<>special section<>required history class fun<>Culture of London course<>extremely nice person<>engaging lecturer<>office hours<>Global Histories<>huge lecture
Linda Robic	1923484	1.8	2	practice exams<>actual exams<>textbookGoogle stufflook<>big lecture hall<>great teacher<>Posts presentations
David Miller	67144	3.5	1	
Hui Zhang	67150	5.0	1	
Robert Nichol	116905	1.0	1	WORST PROFESSOR
John Zimmerman	256373	3.5	1	
Giancarlo Dozzi	267229	5.0	1	
Sha Zhao	331792	4.0	1	native English speakers<>brains work
Roger Dannenberg	332601	5.0	1	
David Greve	415891	5.0	1	
Sara Kiesler	519189	3.5	1	Human Factors
Scott Hudson	519192	1.0	1	Terrible teacher
Fred Gilman	541285	5.0	1	
